#,Paper,"Transformation kind","Transformation kind comment","Metamodel kind","Metamodel kind comment ","Model kind","Model kind comment ",Intent,"Intent comment ","Transformation language","Transformation language comment ",Validation,"Validation comment ",Scope,"Scope comment",Orientation,"Orientation Comment",Year,Note
1,"paper_1 - A graph transformation-based approach for applying MDA to SOA",Structural,"Transfo sur les SOA","input general / output general","UML -> XMI -> SOA (->Code)",Toy,"Aucune vraiment","Language Translation","Utiliser les story modeling and aspect oriented pour faciliter le passage du PIM au PSM au code.",Dedicated,"Utilisation de nombreux langages avec comme pivot XMI : du PIM au PSM, un type de MoTMoT et ensuite un \"AndroMDA\". Le weaving des aspects en Xdoclet et la generation de code en Jini (un outsider des JEE et .NET) ","No validation",,Exogenous,"Mixte, la transformation est une composition de transformations : on descend en abstraction 2 fois : UML->SOA->code",Academic,,2009,
2,"paper_2 - A metamodeling approach to transform uml 2.0 sequence diagrams to petri nets",Structural,,"input general / output general","UML Sequence -> PetriNet",Toy,,"Language Translation","From SequenceDiagram to PetriNet",Programming,"Eclipse development platform","No validation","Les auteurs décrivent comment leur méthode peut et sera validée, mais ne font rien en ce sens.",Exogenous,,Academic,"Une étude qui se veut détachée du type de système",2008,
3,"paper_3 - A model driven engineering design approach for developing multi-platform user interfaces",Structural,,"input general / output general","\"DialogStateModel\" Combiné IdealXML",Toy,"Des exemples succins d\'application, aucunes \"données\" tel qu\'on a l\'habitude de l\'entendre des illustrations tout au plus.",Refinement,"Multi-platform user interface",Programming,"UsiXML  et framework","No validation","Des petits exemples viennent montrer que, dans l\'idée, ca fonctionne. Rien de plus.",Exogenous,"Semantique en entrée, utilité de l\'interface ; décorée en sortie, utilisabilité de l\'interface -> différent selon la platforme cible",Academic,"On montre les applications dans un langage propre à l\'industrie, orienté utilisation, productivité.",2010,
4,"paper_4 - autoHMI: a model driven software engineering approach for HMIs in process industries",Structural,,"input general / output specific","abstract CAE to final code (specific)",Public,"\"autoHMI was applied to several test cases of different sizes.",Refinement,,Dedicated,"Cameleon framework",Empirical,"Case study",Exogenous,,Academic,,2011,
5,"paper_6 - A semi-automatic approach for bridging DSMLs with UML",Structural,"Transformation de DSL (domain specific language) en UML","input specific / output specific","Input : DSL (specific) et Output : UML (general)",Industrial,"Données issues du Ministère des transports Autrichien","Semantic Definition","La transformation doit permettre au Ministère des transports autrichien de rendre son système interopérable",Others,"La transformation est semi-automatisée, je cite \"We developed a dedicated metamodel mapping language between the DSL and UML metamodels and a component for automatically generating UML profiles and model transformations from mapping models.\"","No validation","Aucune validation n\'est proposée dans l\'article",Exogenous,"De DSL vers UML",Academic,"Financed by Transport Ministry",2009,
6,"paper_9 - Automated middleware QoS configuration techniques using model transformations",Structural,,"input specific / output general","DSML en entrée et DSML en sortie (middleware)",Toy,,Refinement,"Configuration QoS",Dedicated,GReAT,"No validation",,In-place,,Industrial,,2007,
7,"paper_10 - Automatic prototyping in model-driven game development",Structural,"UML vers code","input general / output general","UML vers code",Toy,"Il s\'agit d\'un prototype de jeu vidéo","Semantic Definition","Il s\'agit d\'une génération automatique de la structure et du comportement (simple changement de modèle mais pas de MM)",Dedicated,"Utilisation de Platform-independent models (PIM) pour la modélisation de la structure et platform-specific model (PSM) pour les comportements + manuelle",Empirical,"Le code généré est comparé au code réellement nécessaire en nombre de lignes, la génération est de l\'ordre de 93-94%",In-place,"De diagramme de classes UML à du code",Academic,"L\'industrie du jeu vidéo cherche à automatiser la création d\'un prototype (génération)",2009,
8,"paper_11 - Bridging WebML to model-driven engineering: From document type definitions to meta object facility",Structural,,"input general / output general","GP MOF Based",Toy,"we use part of the concepts used by WebML to represent a Web application’s content layer which in fact resembles the well-known ER-mode","Model Composition",,Programming,Ecore,"No validation",,Exogenous,,Academic,"Le web est ciblé, le vocabulaire rappelle plus l\'industrie que l\'académie (plus de terme économiques que dans un papiers académique pur).",2007,
9,"paper_12 - Customisable model transformations based on non-functional requirements",Structural,,"input specific / output general","WRIGHT ADL",Toy,,Refinement,,Dedicated,"ATLas like language","No validation","Les auteurs parlent d\'une méthode pour transformer, en décrive précisément le fonctionnement, et viennent ajouter en Future Work, qu\'un langage de transfo est encore à choisir…",Exogenous,,Academic,,2008,
10,"paper_13 - Deriving multi-agent system behavior",Structural,,"input specific / output specific","CIM DSL -> UML StateMachine",Toy,"Un exemple clair et concret d\'implémentation du service d\'appel d\'urgence d\'une hopital : asceptisé, artificiel.",Refinement,"CIM to PIM",Dedicated,"ATL Language",Formal,"Artifice+pseudo code => théorie",Exogenous,,Academic,,2013,
11,"paper_15 - Execution of natural language requirements using state machines synthesised from Behavior Trees",Structural,"Transformation d\'un modèle (behavior trees) vers un autre (UML)","input general / output general","Transformation d\'un modèle (behavior trees) vers un autre (UML)",Public,"Un système d\'alarme déjà utilisé par Prowell et al.","Language Translation","Le but est de simplifier la modélisation en modélisant avec un behavior trees qui est exprimé en langage naturel et de transformer ce modèle en un autre plus bas niveau",Dedicated,"Utilisation d\'ATL (dans EMF)",Empirical,"Etude de cas d\'un système d\'alarme et validation par simulation",Exogenous,"D\'un \"behavior trees\" vers un \"UML state machines\"",Academic,"Recherche universitaire pour de la recherche",2012,
12,"paper_17 - Formalising model transformation rules for UML/MOF 2",Structural,"Meta-modelisation de projet (code)","input general / output general","Du code vers un meta-modèle général",Toy,"Présentation de la transformation sans application industrielle","Model Visualization","Avoir une vue globale de l\'organisation du projet",Programming,"Pattern fait maison avec des langages classiques : UML like et opération mathématiques",Formal,"Validation mathématique (c\'est le goal du papier)",Out-place,Métamodélisation,Academic,"Il n\'est pas fait mention d\'application à l\'industrie",2008,
13,"paper_18 - From AADL to Timed Abstract State Machines: A verified model transformation",Structural,"AADL vers TASM","input general / output specific","Simple translation",Toy,"Aucune application à un projet industriel","Language Translation","Le but est de vérifier que la sémantique est préservée lors de cette translation",Others,"Méthode maison dont le langage n\'est pas précisé",Formal,"Méthodologie de vérification de l\'exactitude de la translation",Exogenous,"Translation d\'un formalisme à l\'autre sans modifier la sémantique ",Academic,"Le but est de vérifier que la sémantique est préservée lors de cette translation",2014,
14,"paper_19 - From UML to ANSI-C: An eclipse-based code generation framework",Behavioral,"UML vers modèle ANSI-C intermédiaire puis vers ANSI-C code (texte)","input general / output general","Diagramme UML vers code ANSI-C",Toy,"Utilisation de données d\'exemples",Refinement,"Ecrire du code C standard (ANSI-C) à partir d\'un modèle UML",Dedicated,"Développement d\'un framework utilisant les outils d\'Eclipse","No validation","Aucune validation n\'est proposée dans l\'article",Exogenous,"Diagramme UML vers code ANSI-C",Academic,"Recherche uniquement : générer du code C standard",2008,
15,"paper_20 - From real computational independent models to information system models: An MDE approach",Structural,"Modèle vers modèle","input general / output general","High level business model to behavior model of the service oriented information system",Toy,"travel agency providing a set of services to its customers","Semantic Definition","Passer du modèle orienté business au modèle orienté service",Dedicated,"we specify the transformation rules using ATL is a model transformation language and toolkit developed by the ATLAS Group (INRIA & LINA).","No validation","Aucune validation n\'est proposée dans l\'article",Exogenous,"Business model to Service Oriented System",Academic,"Pour aider l\'industrie \"we can help software developers to take the most of the business knowledge represented in high level business models\"",2008,
16,"paper_21 - Generating user interfaces from conceptual models: A modeltransformation based approach",Structural,,"input general / output general","OO-Method, UML",Toy,,Refinement,"Génération d\'inerfaces selon un modèle donné",Dedicated,"OlivaNova Model Execution framework (ONME)","No validation",,Exogenous,,Academic,,2007,
17,"paper_22 - Increasing quality in scenario modelling with model-driven development",Structural,"Modèle vers modèle","input general / output general","Diagramme UML d\'activité vers diagramme UML de séquence",Public,"Prise dans un autre article www.cs.ubc.ca/grads/resources/thesis/Nov05/Trevor_Young.pdf","Language Translation","Diagramme UML d\'activité vers diagramme UML de séquence",Dedicated,"Développement d\'un \"plug-in for the Eclipse platform\", utilisation de \"Eclipse Modelling Framework (EMF) and UML2 plug-in for Eclipse\"",Empirical,"Etude de cas \"Mobile Media\"",Exogenous,"Diagramme UML d\'activité vers diagramme UML de séquence - Changement de MM",Academic,"Recherche universitaire pour de la recherche",2010,
18,"paper_24 - Model transformations to bridge concrete and abstract syntax of web rule languages",Structural,"Transformation d\'une syntaxe concrète (XML Shéma) vers syntaxe abstraite (MOF MM) et vice versa","input general / output general","Transformation d\'une syntaxe concrète (XML Shéma) vers syntaxe abstraite (MOF MM)",Public,"\"set of real world rules collected by the REWERSE Working Group I1 at Brandenburg University of Technology at Cottbus, from different sources such as Warmer and Kleppe’ book [60] and the SWRL specification [29]\"",Abstraction,"Transformation d\'une syntaxe concrète (XML Shéma) vers syntaxe abstraite (MOF MM)",Dedicated,"Utilisation d\'ATL et QVT",Empirical,Expériences,Exogenous,"MM ne change pas, les instances oui",Academic,"Recherche universitaire pour de la recherche",2009,
19,"paper_25 - Harvesting models from web 2.0 databases",Structural,,"input general / output general","DB to Models",Toy,,"Language Translation",,Others,,"No validation",,Exogenous,,Academic,"Recherche universitaire pour de la recherche",2011,
20,"paper_26 - Model-driven software migration into service-oriented architectures",Structural,"MDA vers SOA : restructuration de l\'information depuis des modèles vers des aspects","input specific / output specific","In : WSDL code (interface language description for Web Services) -> UML (manipulé avec Tgraph)  -> Out : Java",Public,,"Language Translation","MDA vers SOA : traduction",Programming,"On utilise ici Java, auquel on ajoute les couches classiques pour la définition de graphs (Tgraph, GraBaJa) et d\'aspects (SOAMIG le SOA d\'IBM) - non dirigés transformation",Empirical,"Appliquée au GanttProject (pour transformer certaines de ses fonctionnalités en SOA) -> réussite, fonctionnelle, utilisable et utilisé.",Exogenous,,Academic,,2013,
21,"paper_27 - Model-driven transformations: From analysis to MVC 2 web model",Structural,"UML to MVC2","input general / output general","Input: diag de classe et Output: fichier XML",Toy,"we first developed ecore corresponding to our source and target metamodels","Language Translation","mapping de concepts entre deux formalismes UML vers MVCWeb",Dedicated,"MOF 2.0 QVT",Empirical,"à travers un test mais pas détaillé",Exogenous,"transformation entre deux formalismes distincts UML et MVCWeb",Academic,"vocation à la recherche académique",2009,
22,"paper_28 - Modgraph: A transformation engine for EMF model transformations",Structural,"Input: Ecore diag de classe output: code ","input general / output general","Input: Ecore diag de classe output: code ",Toy,"A running example of a simple calendar application",Refinement,"Refinement: Génération de code",Programming,Java.,"No validation","Validation absente",Exogenous,"Generation de code -> MMs différents",Academic,"vocation à la recherche académique",2011,
23,"paper_29 - Modular JADE agents design and implementation using ASEME",Behavioral,"statechart vs code","input general / output general","statechart vers code JAVA",Toy,"it allows the designer to enrich his roles model by introducing variables, agent message",Refinement,"statechart vs code",Programming,JADE,Empirical,"2 études de cas employées",Exogenous,"IAC to Java code",Academic,"vocation à la recherche académique",2010,
24,"paper_30 - On using inplace transformations for model co-evolution",Behavioral,"Visualisation des évolutions et co-évolutions","input general / output general","Transformation d\'un MM à un MM\'",Toy,"Données créées pour les besoins de l\'étude",Analysis,"Visualisation des évolutions et co-évolutions",Dedicated,"Utilisation d\'ATL","No validation","Quelques expérimentations sous forme d\'exemples",In-place,"Changement de MM mais travail sur les mêmes instances",Academic,"Recherche universitaire pour de la recherche",2010,
25,"paper_31 - QVT based model transformation from sequence diagram to CSP",Structural,"SD to CSP","input general / output general","SD to CSP",Toy,"Another XSLT program, less than 200 lines","Language Translation","transformation de SD vers processus CSP",Dedicated,"QVT ","No validation","Validation absente",Exogenous,"SD in EMF to CSP in XML",Academic,"vocation à la recherche académique",2010,
26,"paper_33 - Rule-based model transformation for, and in simulink",Behavioral,"Outils de transformation dans et pour Simulink","input general / output general","Simulink expression",Toy,"étude de cas","Model Composition","Manipulation des modèles dans Simulink",Programming,"blocks API of Simulink",Empirical,"étude de cas et simulation",Exogenous,ramification,Industrial,"augmentation de l\'outil commercial Simulink",2014,
27,"paper_36 - Traceability-based incremental model synchronization",Structural,"C# syntax tree model and .NET compact framework user interface","input general / output general","C# syntax tree and .NET compact framework ",Toy,"données de leur travail précédent","Semantic Definition","Model synchronization",Others,"algorithme proposé par les auteurs",Empirical,"étude de cas",Exogenous,"user interface to code",Academic,"To provide development environment for mobile user interfaces",2009,
28,"paper_37 - Transformation of aspect-oriented requirements specifications for reactive systems into aspect-oriented design specifications",Structural,"from scenario-based requirements to UML-based diagram","input specific / output general","AUCM to RAM ",Toy,Exemples,Refinement,"Model mapping (Requirement Specs to Design Specs)",Others,"algorithme de transformations","No validation","Validation absente",Exogenous,"AoUCM and RAM",Academic,"is part of a research agenda",2011,
29,"paper_39 - Transforming an enterprise model into a use case model in business process systems",Structural,"Enterprise model to use case model","input general / output general","Enterprise model to use case model",Toy,"Données proposées par les auteurs VOIR VALIDATION",Abstraction,"model mapping",Dedicated,QVT,Empirical,"expérience menée sur 39 étudiants de l\'université",Exogenous,"deux métamodèles différents",Academic,"vocation à la recherche académique",2014,
30,"paper_40 - Transforming an enterprise model into a use case model using existing heuristics",Structural,"Enterprise model to use case model","input general / output general","Enterprise model to use case model",Toy,"ils ont essayé cela sur un système de prêts de livres (artificiel)","Language Translation","model mappig avec output non exécutable",Dedicated,"QVT operational maaping langugage, emucase tool, heuristics description",Empirical,"Sur un exemple peu détaillé, on esquisse une validation",Exogenous,"Ils utilisent un même métamodèle: diag de classe",Academic,"vocation à la recherche académique",2011,
31,"paper_41 - Using ATL to support Model-Driven development of RubyTL model transformations",Structural,"from high level PSM to Ruby TL and code generation","input specific / output specific","from high level PSM to Ruby TL",Toy,"étude de cas diag de classe vers schéma relationnel téléchargeable sur le site web MetAGeM",Refinement,"serialization which is a specific case of synthesis=refinement (code generation)",Dedicated,ATLAS,Empirical,"Etude de cas",Exogenous,"class2Table transformation in the validation",Academic,"vocation à la recherche académique",2011,
32,"paper_42 - Using meta-code generation to realize higher-order model transformations",Structural,"from domain metamodel to configured domain model","input general / output general","from domain metamodel to configured domain model",Public,"comparing results to the existing, Java-based solution",Refinement,"code generation",Dedicated,Acceleo,"No validation","Il cite qu\'il s\'est comparé ses résultats à la conclusion seulement",Exogenous,"which enables the specification of a higher-order endogenous",Academic,"vocation à la recherche académique",2013,
33,"paper_43 - Verification of DSMLs using graph transformation: A case study with alloy",Structural,"focus on behavioral semantics of DSL","input specific / output specific","input: DSML spec output:Alloy tool",Toy,"Application à un exemple choisi (le Maze)","Semantic Definition","Translation entre deux formalismes différents : pour un model checking",Dedicated,"graph transformation rules","No validation","Validation absente",Exogenous,"Mapping entre deux métamodèles différents",Academic,"vocation à la recherche académique",2009,
34,"paper_44 - Generation of component based architecture from business processes: Model driven engineering for SOA",Structural,"Translation de BP vers CBA","input general / output general","Business process (XMI) to SCA",Toy,"Exemple connu dans la littérature système de gestion de voyages","Language Translation","Translation de BP vers CBA// BPMN vs SCA metamodels",Dedicated,"ATLAS: we use the ATLAS Transformation Language","No validation","Validation absente",Exogenous,"mapping ent entre deux formalismes distincts",Academic,"peut être valable pour les deux orientations mais j\'ai tranché académique",2010,
35,"paper_45 - Executing a standard compliant transformation model on a non-standard platform",Structural,"Translation de UML en CSP","input general / output general","UML -> CSP",Toy,"Exemples uniquement",Refinement,"UML -> CSP (low level)",Others,"Utilisation de MoTMoT de base + extensions ad hoc","No validation","Aucune validation si ce n\'est quelques exemples",Exogenous,"Translation d\'UML à CSP",Academic,"Recherche universitaire pour de la recherche",2008,
36,"paper_47 - A QVT-based approach for model composition application to the VUML profile",Structural,"Une approche MDA pour composé les designs de modèles","input general / output general","In : Diagram UML / Out : VuML",Toy,"Un exemple de la représentation Cartesienne et Polaire d\'un point dans l\'espace : des vues sur le modèle.","Model Composition","UML -> VuML offre un potentiel de visualisation, plus qu\'une simple visualisation",Dedicated,"QVT core implémenté ATL","No validation","Liens vers deux autres articles : Case study sur un système d\'échange de fichier dans la santé ; implementation in ATL as a standard et intégré aussi dans le M2M project sur Eclipse",Exogenous,"Deux métamodèle distincts : UML en entrée, Passage par métamodèle de correspondance, et VUML en sortie ",Academic,"conf\':ICEIS : Une étude générique dans son procédé mais don’t l\'application vise l\'industrie.",2008,
37,"paper_48 - Co-design of the business and software architectures: A systems engineering and model-driven method",Structural,"Translation d\'un modèle haut abstrait vers le logiciel","input general / output general","Business Architecture (SysML) to Software Architecture (UML)",Toy,"Données d\'exemples","Language Translation","Business Architecture to Software Architecture",Dedicated,"Le framework n\'a pas encore été implémenté, il utilisera \"Eclipse Modeling Framework (EMF)\"","No validation","Aucune validation",Exogenous,"Changement de niveau d\'abstraction",Industrial,"\"this paper is motivated by our practices on the business software architecting.\" for \"Beijing Aerospace Control Center\"",2010,
38,"paper_49 - Model-driven approach to Agilla Agent generation",Structural,"Transformation de diagramme UML en Agilla code (Agent)","input general / output general","Transformation de diagramme UML en Agilla code (Agent)",Public,"we take an existing Agilla agent from the sample folder of the Agilla project (agents/oscope/oscope 5readings.ma agent),",Refinement,"Generation de code",Dedicated,"Utilisation des outils d\'Exclipse",Empirical,"Etude de cas avec des données open-source",Exogenous,"Diagramme UML vers Agilla code",Academic,"Recherche universitaire pour de la recherche",2013,
39,"paper_50 - Automating test cases generation: From xtUML system models to QML test models",Behavioral,"Génération automatique de code de test à partir d\'un modèle du système (UML)","input general / output general","Génération automatique de code de test à partir d\'un modèle du système (UML)",Toy,"Données d\'exemples","Model Composition","Génération automatique de code de test à partir d\'un modèle du système (UML)",Dedicated,"Utilisation de QTronic Mod- eling Language",Empirical,"Etude de cas avec des exemples",Exogenous,"Génération automatique de code de test à partir d\'un modèle du système (UML)",Academic,"Recherche universitaire pour de la recherche",2010,
40,"paper_52 - Model based software design: Tool support for scripting in immersive environments",Structural,"Sequence Diagram to Coloured PetriNet","input general / output general","Sequence Diagram (plus humain) vers du PetriNet (plus proche du langage machine embarqué LSL - virtuellement ou non))",Public,"Transformation testée ici sur OpenSource (un monde virtuel genre SecondLife, et supposée fonctionnée sur SL aussi, techniquement)","Language Translation","On traduit en PN le diagram de séquence en entrée",Programming,"Java + NetBeans",Empirical,"C\'est ici une présentation de l\'outil de transformation au travers d\'un exemple de foncitonnement - une preuve empirique de la bonne marche du prototype.",Exogenous,,Academic,"L\'industrie de l\'embarqué est directement ciblée.",2013,
41,"paper_54 - Using meta-model transformation to model software evolution",Behavioral,"Modéliser l\'évolution des logiciels","input specific / output general","En Input : l\'entité dont on veut étudier l\'évolution => en sortie ces mêmes entités représentées par leur historique et les versions qui le composent (Hismo).",Toy,"Un exemple fictif, des résultats fictifs - et justes.",Analysis,"On analyse le contenu et on le montre d\'un point de vue spécifique (ou encore une décoration)",Others,"Le langage n\'est pas spécifié : ou alors on est trop conceptuel à ce niveau de reflexion, ou alors les auteurs n\'attachent pas beaucoup d\'importance à leur implémentation. Ça foncitonne c\'est ce qu\'il cherche - en Java, en C ou en ATL.","No validation","Les auteurs précise que de valider empiriquement leur tool serait leur prochaine préocupation",In-place,"On modifie ici le modèle de départ - le métamodèle de sortie me semble être un guide de décoration de celui en entrée.",Academic,"Software engineering power !",2005,
42,"paper_60 - Constraint-Based Model Refactoring",Structural,"Refactoring, on utlise deux langages différents","input specific / output general","Method generique (abstraite) pouvant s\'appliquer à plusieurs formalisems",Toy,,Abstraction,"Reverse engineering => abstraction de l\'implementation",Others,"Sans précision, modèle mathématique",Formal,"Chqaue étape de la transformation est décrite mathématiquement",Exogenous,"MMs différents",Academic,,2011,
43,"paper_63 - Operational Semantics of UML Activity Diagram: An Application in Project Management",Behavioral,"D\'abord structurelle, puis on simule sur le résultat : comportement","input general / output general","UML activity Diag / Petri net",Toy,,"Language Translation","Activity diagram / Petri net == semantics",Dedicated,Atom,Empirical,"Par des exemples",Exogenous,"On modifie et on traduit ensuite",Academic,,2012,
44,"paper_64 - Domain-Specific Model Transformation in Building Quantity Take-off",Structural,"DSM to DSM","input specific / output general",,Industrial,"example from the field of cost estimation/quantity surveying",Abstraction,,Programming,Java+EMF,"No validation",,Exogenous,,Academic,"Volumétrie industrielle (gestion des stocks)",2011,
45,"paper_65 - Instant and Incremental QVT Transformation for Runtime Models",Structural,"A key issue for such runtime models is to maintain their causal connections with the systems. That means when the systems change, the models should change accordingly and instantly, and vice versa","input specific / output general","DSL SmartLab",Industrial,"RFID references with SmartLab = condition indus","Semantic Definition","It\'s a behavioral simulation",Dedicated,QVT-R,Empirical,"We applied this instant transformation engine to provide the runtime model for a medium-scale smart office system, the SmartLab + p284 toute une batch de reproductions",In-place,,Academic,"Key Lab of High Confidence Software Technologies (China)",2012,
46,"paper_66 - From UML and OCL to Relationnal Logic and Back",Structural,,"input general / output general","UML vers logique relationnelle (SAT-based)",Toy,,Analysis,"This approach allows us to explicitly benefit from the efficient handling of relational logic in Kodkod and to interpret found results backwards in terms of UML and OCL",Others,"Transformation (and her way back) is described entirely",Formal,"Everything is detailled and \"proved mathematically\"",Exogenous,"UML+OCL => Relational Logic",Academic,,2013,
47,"paper_67 - Tackling High Variability in Video Surveillance Systems through a Model Transformation Approac",Structural,,"input specific / output general","Presently, both are written as text. We still have to decide on a formalism which should be expressive enough and preferably verifiable",Toy,"Exemples triviaux","Model Composition","Model Synchronization",Others,"Not working yet : \"In all cases, meta-models of transformations are to be elaborated\"","No validation","Looks like a short paper",Out-place,"It is convenient to use the same kind of models on both sides, leading to a uniform syntax",Academic,"Video surveillance",2009,
48,"paper_68 - Model-to-Metamodel Transformation for the Development of Component-Based Systems",Structural,"Jeu entre DSL","input specific / output general","From a DSL to another in the sensor/actuator field",Toy,"Exemple simple/abstrait ",Abstraction,model-to-metamodel,Others,"Not working yet : le papier décrit le travail du langage de transformation",Empirical,"Exemple ad-hoc d\'un train electrique, simpleé",Exogenous,,Industrial,"fortiss, Cyber-Physical Systems",2010,
49,"paper_69 - An Adjustable Transformation from OWL to Ecore",Structural,,"input general / output general","OWL to Ecore+OCL",Toy,"Exemples d\'illustration - simples","Language Translation","an automatic transformation between OWL and Ecore",Programming,"Implementation en un plugin Eclipse","No validation","Description (quasi)formelle, mais pas de validation réelle",Exogenous,,Industrial,SAP,2010,
50,"paper_70 - A Metamodel-Based Approach for Automatic User Interface Generation",Structural,,"input specific / output specific","From UML+specification (profile style : Domain Model et Use Case Model) to textcode",Toy,,Refinement,"Code generation",Others,"Sans objet : papier théorique sans implémentation","No validation",,Exogenous,,Academic,,2010,
51,"paper_71 - UML2Alloy: A Challenging Model Transformation",Structural,,"input general / output general","From UML to Alloy",Toy,,Analysis,"Etude de graph UML  gâce aux outils Alloy",Others,"UML2Alloy : le papier décrit le travail du langage de transformation","No validation",,Exogenous,,Academic,,2007,
52,"paper_72 - Domain-specific discrete event modelling and simulation using graph transformation",Behavioral,"We propose a novelway of adding explicit time to graph transformation rules","input specific / output general","GT rules enable the direct use of the DSML concrete syntax to describe its timed semantics without resorting to encodings in external simulation languages",Toy,"A usability study of this enhanced implementation is left for future work","Semantic Definition","Behavioral analysis through simulation",Dedicated,"Maude (a GraphTransfo-like-tool-implementation..)",Empirical,"Implementation pour l\'exemple (utilisation de Maude)",Exogenous,,Academic,,2012,
53,"paper_73 - Adapting transformations to metamodel changes via external transformation composition",Behavioral,"an approach to adapt transformations by means of external transformation composition","input specific / output general","DSL to DSL",Industrial,"Des exemples pris du monde industriel","Semantic Definition","Metamodel behavioral analysis through simulation",Others,"Transformation de transformation : le papier décrit le travail du langage de transformation",Empirical,"Exemple annoté et précis SQL2003 vers SQL2003_EVO avec le framework M2DAT-DB pour transfo en Oracle10i",Exogenous,,Industrial,"Représentants de AtlanMOD",2012,
54,"paper_74 - Extracting models from source code in software modernization",Structural,,"input general / output specific","From code to DSL",Toy,,Abstraction,"From code to DSL",Others,"Gra2MoL might be considered the first proposal for a text-to-model language",Empirical,"\"The language has been applied a several case studies\"",Exogenous,,Academic,,2012,
55,"paper_75 - Synchronizing concurrent model updates based on bidirectional transformation",Structural,"Etude du comportement en comparant deux état fixes du système : We design an algorithm that uses model difference approaches to wrap any bidirectional transformation into a synchronizer for concurrent updates","input specific / output general","Définition formelle de la transformation : \"Our approach is general and predictable\"",Public,"Des exemples du mon open source, avec benchmark de perfomances et comparaisons","Model Composition","Model Synchronization",Others,"Le langage n\'est pas précisé, l\'implentation est libre.",Empirical,"A case study : \"We have used our algorithm to implement the runtime management feature of ArchStudio [17], in which a C2-style software architecture model and a runtime system model are synchronized.",Out-place,"Comparing models, merging and synchronizing",Academic,,2011,
56,"paper_76 - Verifying workflow processes: a transformation-based approach",Structural,"Transformation INTO PetriNet and then behavior analysis","input specific / output specific","DSL to PetriNet",Industrial,"\"verifying workflow processes in an industrial modeling language (TiPLM) is presented\"",Analysis,"\"we propose a generic approach based on the model transformation to verify workflow processes.\"",Dedicated,TiPLM,Empirical,"\"Experimental evaluations on verifying real-world business processes validate our approach.\"",Exogenous,"DSL->PetriNet MM distincts",Industrial,Workflow,2010,
57,"paper_77 - On challenges of model transformation from UML to Alloy",Structural,,"input general / output general","From UML to Alloy",Toy,"Illustration par un exemple simple",Analysis,"Etude de graph UML  gâce aux outils Alloy",Dedicated,"XMI reader + KentMF + SiTra ","No validation",,Exogenous,"UML -> Alloy",Academic,,2008,
58,"paper_78 - Code generation by model transformation: a case study in transformation modularity",Structural,,"input specific / output specific",,Public,"WebDSL : 146pg / 2366lignes of text",Refinement,"Génération de code",Dedicated,Stratego,Empirical,"Exemple WebDSL => code",Exogenous,DSL->code,Academic,,2009,
59,"paper_79 - Transformation of UML and OCL Models into Filmstrip Models",Structural,,"input general / output specific","UML+OCL pure -> UML+OCL extended",Toy,,Editing,,Programming,Java,Empirical,"Avec plugin emf available pour replication",Out-place,,Academic,,2014,
60,"paper_80 - Triple Graph Grammars in the Large for Translating Satellite Procedures",Structural,"\"The source and target models in the present scenario are abstract syntax trees of source code.\"","input specific / output general","Syntax trees : from PIL to SPELL",Industrial,"Within SES (Société Européenne des Sateliites","Language Translation",,Dedicated,"EMF Graph transformation tools Henshin+Xtext (TGG)",Empirical,"Exemple dans SES (société des Satellites Européens)",Exogenous,,Industrial,"European Satellites",2014,
61,"paper_81 - Domain-Specific Optimization in Digital Forensics",Structural,"From DSL to code","input specific / output specific","DSL Derric to Code",Industrial,"Gygabyte files",Refinement,"From description to code",Programming,"Rascal (DSL) + Java",Empirical,"Exemple simplifié : \"To evaluate the effect of the transformations we have applied them on three Derric file format specifications, namely for JPEG, GIF and PNG. We have run the resulting 3×4 = 12 carver  onfigurations on a representative disk image of 1TB, containing over a million recoverable files. We have then compared the difference in runtime performance, precision and recall between the configurations\" ",Exogenous,,Industrial,Forensic,2012,
62,"paper_83 - Translational Semantics of a Co-evolution Specific Language with the EMF Transformation Virtual Machine",Structural,,"input general / output general","EMFMigrate to EMFTVM",Toy,,"Semantic Definition","Translationnal semantics from DSL  : to fulfil the cognitive gap",Dedicated,ATL,"No validation","\"In any case, the completeness analysis for the EMFMigrate-to-EMFTVM compiler has not been done: the EMFMigrate language is still under  development, and additional language semantics are likely required",Exogenous,"EMF style",Academic,,2012,
63,"paper_84 - Bidirectional transformation of model-driven spreadsheets",Behavioral,"\"We present techniques for model-driven spreadsheet engineering where we employ bidirectional transformations to maintain spreadsheet models and instances synchronized\"","input general / output general","\"the generation of a spreadsheet instance from a ClassSheet model; the evolution of the model and the automatic co-evolution of the data; the evolution of the data and the automatic co-evolution of the model",Toy,,"Model Composition",Synchronization,Others,"Transformation (and her way back) is described entirely)","No validation",,Out-place,,Academic,"\"We have created an extension to the OpenO ce Calc spreadsheet system so that it offers a model-driven software development environment",2012,
64,"paper_86 - Programmed graph rewriting with time for simulation-based design",Behavioral,"Simulation-based design","input general / output general","ATOM3 + Discrete Event System Specification (DEVS)",Industrial,PacMan,"Semantic Definition",Simulation,Dedicated,MoTif,Empirical,"Multiple simuation experiments on the PacMan case study : a benchmark",In-place,,Academic,,2008,
65,"paper_88 - Implementing Business Process Recovery Patterns through QVT Transformations",Structural,"KDM to BPMN","input general / output general","Knowledge Discovery Metamodel KDM to Business Process Model and NotationN",Industrial,"SourceTapCRM : sales management system",Abstraction,,Dedicated,"  Marble and QVT-Relations",Empirical," \"In order to select an appropriate case under study, the most suitable legacy system, the following criteria are defined: (i) the system should be a real-life system; and (ii) it should be an enterprise system\"",Exogenous,"Abstraction vers BPMN",Academic,,2010,
66,"paper_89 - From Sequence Diagrams to State Machines by Graph Transformation",Structural,"Sequence to Statemachine","input general / output general",,Toy,,"Language Translation",,Dedicated,"GraphTransfo : AGG Tool",Empirical,"Exemples don’t GasPump évoqué comme un classique",Exogenous,,Industrial,"SINTEF Norway",2010,
67,"paper_91 - Transforming process algebra models into UML state machines: bridging a semantic gap?",Structural,"Not direct transfo, but in steps \"Therefore we split the transformation into four independent steps\"","input general / output general","Algebra of Communicating Processes (ACP) process algebra transformed into his tree representation to UML-like state machine (wich ends in her XMI representation)",Toy,"\"Several case studies\"","Language Translation",,Dedicated,ASF+SDF,Empirical,"Case studies jouet",Exogenous,,Academic,,2008,
68,"paper_92 - From Spreadsheets to Relational Databases and Back",Structural,,"input general / output general",,Public,"\"we will use a well-known example spread-sheet taken from (Connolly and Begg 2002)\" Information about housing rental…","Language Translation",,Dedicated,Haskell,"No validation","\"The approach forms a baseline for further veri cation and validation processes on the  lmstrip modelby being compatible to a maximum number of application models with only one generic transformation. Basic ideas of test objectives have been provided.",Exogenous,,Academic,,2009,
69,"paper_100 - Transformation as Search",Structural,"Generic : from a MM to another","input general / output general","MM expressed in EMF as Ecore instances. Use case : class schema into relationnal schema (but not specified and then specifics)",Public,"With a link to the replication\'s package","Model Visualization","Search : a specific point of vew : a new vizualisation of the domain",Dedicated,ATL,Empirical,"Use case",Exogenous,,Academic,,2013,
70,"paper_101 - Bridging the Gap between Requirements and Aspect State Machines to Support Non-functional Testing: Industrial Case Studies",Structural,"Use cases to Aspect state machine (UML profile)","input general / output general","UML et Uml Profile",Industrial,"\"The running example is a simplified subsystem (called Saturn) of a communication system (Video Conferencing System (VCS)) developed by Cisco Systems Inc, Norway",Abstraction,"\"To cope with such complexity, Aspect-Oriented Modeling (AOM) is often recommended\"",Others,"Platform aToucan : mapping described rule after rule in an esoteric lamguage. ",Empirical,"Industrial case study",Exogenous,"UML -> UML Profile (AOM)",Industrial,,2012,
71,"paper_103 - Normalizing Heterogeneous Service Description Models with Generated QVT Transformations",Structural,"\"we present an holistic approach to resolve the structural and terminological heterogeneity of rich service description models\"","input general / output general","\"we assume that such a data schema is specifed in terms of a Uni ed Modeling Language (UML) class model and escribes the relevant concepts of a certain domain, e.g., tourism or banking. Consequently, complex data types are referred to as classes, primitive types as attributes, and instances of types as objects\"",Toy,"With a lot of restricitons (in 7, Conclusion and Future Work)",Editing,"\"By executing the transformation, behavioral models are automatically normalized\"",Dedicated,QVT,Empirical,"Implentation au sein d\'un Workbench (Rich Service Description Language (plugin Eclipse, EMF…)",Exogenous,,Academic,,2014,
72,"paper_104 - Translating OCL to Graph Patterns",Structural,,"input general / output general","\"a large sublanguage of OCL expressions to equivalent graph patterns in the dialect of EMF-IncQUery\"",Toy,"\"a sample instance model\"","Language Translation",,Others,"Mapping described : Abstract for relationnal representation ; concrete mappings for simple expresssions ; Mapping High order OCL mapping : they call it OCL2IQ",Empirical,"\"Finally, the graph queries automatically generated using the proposed transformation (OCL2IQ) perform similarly to manually written EMF-IncQuery code (EIQ), outperforming pure Java as well as stateless or incremental OCL-based approaches\" On the input model of 213K elements + instructions for reproduction\"",Exogenous,,Academic,,2014,
73,"paper_106 - Transformation Rules for Translating Business Rules to OCL Constraints",Structural,,"input general / output general","From Semantic of Business Vocabulary and Rules (SVBR) language to OCL",Toy,"A prototype as a tool to evaluate usability of the approach",Editing,"\"The presented method softens the process of creating OCL constraints and also assists the designers by simplifying software designing process.\"",Others,"Mapping described in spoken language (SBVR is spoken like)  + SiTra library used to implement it",Empirical,"\"The presented approach implemented in SBVR2OCL prototype tool as a proof of concept\"",Exogenous,,Academic,,2011,
74,"paper_107 - An Automated Approach to Transform Use Cases into Activity Diagrams",Structural,"Use Case to Activity Diagram","input general / output general","Use case to Activity Diagram",Industrial,"Simplified example of an industrial case (VCS for a Cisco conference in Norway )","Language Translation",,Others,"Mapping described rule after rule in spoken language (or alike)",Empirical,"We used five different software system descriptions (18 use cases altogether) to assess our approach. They are from different sources: three are from textbooks and two were created by Masters students. Since the UCSs of these systems come from different sources, they were re-written by applying RUCM.",Exogenous,,Industrial,,2010,
75,"paper_109 - Automated Transition from Use Cases to UML State Machines to Support State-Based Testing",Structural,"Use Case to UML State machine","input general / output general","Use Case to UML State machine",Industrial,"Simplified example of an industrial case (VCS for a Cisco conference in Norway )","Language Translation",,Others,"Platform aToucan : mapping described rule after rule in an esoteric lamguage. ",Empirical,"\"we evaluated our approach on an industrial application, where we modeled use case specifications of a video conferencing system developed by Cisco Norway\"",Exogenous,,Industrial,,2011,
76,"paper_110 - Model Transformations for Migrating Legacy Models: An Industrial Case Study",Structural,,"input specific / output general","\"The implemented transformation converts domainspecific GeneralMotors models to their equivalent AUTOSAR models\"",Industrial,,"Language Translation",,Dedicated,ATL,Empirical,"\"Validation is performed manually. For an input GM model, an expected output AUTOSAR model is created in the MDWorkbench Model Editor.  The transformation‘s output model is compared with the manually-created model. Equivalence of the models implies a correct transformation.\"",Exogenous,,Industrial,,2012,
77,"paper_111 - BOB the Builder: A Fast and Friendly Model-to-PetriNet Transformer",Structural,,"input specific / output specific","DSL to Petri Net",Toy,"An running exemple all along the paper","Language Translation",,Others,"BOB himself","No validation",,Exogenous,,Industrial,,2012,
78,"paper_112 - Code Generation for UML 2 Activity Diagrams",Structural,"UML to Code","input general / output general","UML to Java",Toy,"\"For evaluation of our prototype, we modeled an information system for public transportation of an imaginary city and generated code from that model\"",Refinement,"Code generation",Programming,Java,Empirical,"The structural model consists of 17 classes, 14 associations and 3 association classes, the behavioral model consists of a single activity of 14 Actions, 8 control flows and 15 object flows",Exogenous,,Academic,,2011,
79,"paper_116 - Towards Model Driven Tool Interoperability: Bridging Eclipse and Microsoft Modeling Tools",Structural,,"input specific / output general","DSLs : for illustration : bridge between DSL Tools (Eclipse) and Microsoft DSL tools et SQL Server Modeling",Toy,"L\'exemple, suivi de loin.","Language Translation",,Others,"Described from high level of abstraction","No validation",,Exogenous,,Academic,,2010,
80,"paper_117 - Model-Driven Engineering of Machine Executable Code",Structural,,"input general / output general","XML-Schema - XSLT to Scala code",Toy,,Analysis,,Programming,Prolog,"No validation",,Exogenous,,Industrial,,2010,
81,"paper_118 - Translation of QVT Relations into QVT Operationnal Mappings",Structural,,"input general / output general","QVT Relations vers QVT Operational Mappings",Toy,"\"Besides some other small examples, the UML to RDBMS transformation was taken to evaluate our translation approach and implementation. For this purpose, we executed a series of Relations transformations with ModelMorf [15], which is an execution engine for Relations\"","Language Translation","High order transformation : from a Transfo to another",Dedicated,QVT,Empirical,"Cf. Commetaire données",Exogenous,,Academic,,2008,
82,"paper_119 - Rewriting Queries by Means of Model Transformations from SPARQL to OQL and Vice-Versa",Structural,,"input general / output general","SPARQL (RDF query language) to OQL",Toy,"Un exemple en filigrane de l\'article, pour illustrer, nada mas.","Language Translation","\"a novel application area for model transformations\"",Dedicated,ATL,"No validation","An exemple, to illustrate, but too small and precise to be a validation",Exogenous,,Academic,"The last case is not yet supported by our implementation",2009,
